group,rank,true_label,pred_label,confidence,cam_peak_y,cam_peak_x,cam_area_ge_0.60,cam_area_ge_0.75,cam_centroid_y,cam_centroid_x
correct,1,meningioma_tumor,meningioma_tumor,1.0,4,4,0.04081632653061224,0.04081632653061224,3.1518821052236623,3.561028863053241
correct,2,meningioma_tumor,meningioma_tumor,1.0,4,5,0.02040816326530612,0.02040816326530612,3.6001897629875166,4.5800992758492844
correct,3,meningioma_tumor,meningioma_tumor,1.0,3,2,0.061224489795918366,0.04081632653061224,2.4910327641315666,2.599720252404059
correct,4,meningioma_tumor,meningioma_tumor,1.0,3,2,0.04081632653061224,0.04081632653061224,2.784455465931108,2.5129092747753567
wrong,1,glioma_tumor,meningioma_tumor,1.0,3,3,0.04081632653061224,0.02040816326530612,2.6648760765012938,3.3176293278510145
wrong,2,glioma_tumor,meningioma_tumor,0.9999997615814208,4,2,0.02040816326530612,0.02040816326530612,3.6272142617457064,2.1020011336596713
wrong,3,glioma_tumor,meningioma_tumor,0.9999992847442628,3,5,0.02040816326530612,0.02040816326530612,2.806204635826605,4.71960847345389
wrong,4,glioma_tumor,meningioma_tumor,0.9999948740005492,4,5,0.04081632653061224,0.02040816326530612,3.694666387398777,4.442609972093832
